,unigramCost,bigramCost
0,9.115800146263036,12.04476583510464
1,13.229891486619751,12.397501552648935
2,10.552109345444125,12.347155968503634
3,9.453282563300263,12.062431827314867
4,9.172687570611874,12.216894571121525
5,10.23035862027903,12.215700049883788
6,9.068843597956631,12.033419091721665
7,9.548105968678323,12.412561843214641
8,9.26603988589186,12.072195015669548
9,8.99212796122221,12.163337708619384
10,10.434371855013717,12.260593867822815
11,9.657124831582713,12.209910911873443
12,9.131413269902835,12.14852928015888
13,9.654148844386578,12.23362308742754
14,9.548311564984134,12.253896150451714
15,8.912203115018036,12.231243586231642
16,10.460933842073915,12.294176643077193
17,9.612009687445589,12.237353211845612
18,8.558597765443754,11.961868908951319
19,9.185336503271737,12.116543552686705
20,9.96817986388394,12.379206283693962
21,9.420741311874647,12.125687381046934
22,11.047289232117512,12.37355737278299
23,9.447582952447805,12.164713335079139
24,9.232515632422777,12.160608997229613
25,9.288749907044261,12.249905775182409
26,9.320694400507056,12.185633316896826
27,8.891963842086131,12.307933464007043
28,9.180337523770376,12.327836622588627
29,8.689003957050232,12.213900233055147
30,10.41745688330844,12.243200328625033
31,10.366641572213478,12.308465838554886
32,9.322576578385352,12.091574766824502
33,9.457702497952553,12.280475478165316
34,10.861694846593844,12.331434765759877
35,10.356324683139324,12.301381180207414
36,10.834515232105499,12.317593125514922
37,9.770666885635114,12.006942076375987
38,8.045276201243265,11.799838652348681
39,9.876800830654886,12.205072445122665
40,8.776582749349433,12.080820227749362
41,9.113557062282498,12.246725784242816
42,10.58966246794572,12.269293805601071
43,9.75630398230251,12.406759999081386
44,9.726737465620488,12.21733573397148
45,9.950273146425136,12.237752440698777
46,9.994737652560236,12.217218193566735
47,9.096301582900496,12.205122449837713
48,9.63373655361964,12.31360265685144
49,9.760107818781044,12.070215440965605
50,12.216899510395608,12.487132182342942
51,7.970874097643952,11.82091816140026
52,9.109300488450128,12.233792502086152
53,8.299673782328268,12.054724872779715
54,9.853987921428438,12.35689377376635
55,12.0735785661196,12.455617071315448
56,9.822358787512929,12.299755687563865
57,12.539471580465113,12.335758720756331
58,10.216013733869396,12.212904886101954
59,9.501876004487317,12.320893119627216
60,9.370056389971381,12.040154107392478
61,10.047610397530676,12.418217558620261
62,9.514323790179363,12.205098740234757
63,9.781026077982272,12.222642768027331
64,9.694270846581515,12.345969352708416
65,11.824134530465946,12.378249944224638
66,10.445116898966095,12.335793496689176
67,11.989932470494159,12.357134805889567
68,11.027350764197182,12.286893365511839
69,9.2137965569088,12.167176161106429
70,9.282238717222652,12.287870536604602
71,9.784972271713945,12.515444276974806
72,9.803827290751276,12.338286854349834
73,10.947167187756854,12.322921525597852
74,12.113314050278252,12.494214888812973
75,7.635818769436402,11.78512788960418
76,15.96291305763434,12.783547173662745
77,9.167812041831347,12.162071946452922
78,9.732972054088355,12.246481683957667
79,9.770649973693159,12.241170131921503
80,9.625476508223075,12.13883860267511
81,9.869455957198177,12.187666683890884
82,10.59052068011324,12.172993127765052
83,8.988880463517248,12.328762058151412
84,9.328777252563253,12.25861551705669
85,10.263689789840253,12.180860200579547
86,8.997785334529707,12.242522694504933
87,10.904136404728469,12.345180935546935
88,8.472010790531542,12.161493512818572
89,9.404146467867145,12.181980857809938
90,9.34768843073835,12.26203046856039
91,9.877761975192538,12.23769804146056
92,9.52353010568067,12.129279043777595
93,9.539990263578416,12.262733807128209
94,9.185820880417776,12.123952798816026
95,10.643707724756174,12.422110753025619
96,9.871154848239893,12.319087772110583
97,10.13988691675805,12.362470688350141
98,10.315514888747176,12.33266700258476
99,8.267984861971911,12.022030990921833
100,7.990819578857741,11.996128934976618
101,9.753655233960389,12.334163433282232
102,10.390054002074486,12.385083718550385
103,8.707099814725769,11.96356708302071
104,9.327651483686411,12.357997359167662
105,11.057857595944295,12.525714170335274
106,10.076231309959969,12.404793209488117
107,10.75656927904571,12.444012014236913
108,8.074195247236828,12.115099070055944
109,14.326467192441736,12.713805476101752
110,11.233048113021967,12.224299683592466
111,8.96870142806283,12.0951516410256
112,11.81236144887926,12.326186139390101
113,12.372884191802674,12.65819602324994
114,10.085124088072002,12.214221586034899
115,10.31630241550996,12.307074602651275
116,8.896099978186587,12.188305893476551
117,7.992097897520712,11.837915443116993
118,9.766355108893002,12.411080057508958
119,9.341658025624056,12.23256056087486
120,10.665484540201527,12.205024090941068
121,10.846905575810018,12.409476264749403
122,8.695756725575118,12.217478035694949
123,8.757147301417294,12.100223845638961
124,8.774560964551181,12.238099901059872
125,9.182001085667395,12.15841170401996
126,9.07358422809098,12.143610561736697
127,8.548436403380029,12.236477209466056
128,9.58296039768377,12.313506001310646
129,9.436466231904918,12.285768263768277
130,14.625314139279237,12.700579418810902
131,8.018189626853808,11.969706863397052
132,9.237459865564439,12.265739892253203
133,7.829019845157119,12.209994680663565
134,9.63229782898465,12.222346442980918
135,10.725344751209441,12.303238391672616
136,9.24047239152308,12.105029084858542
137,10.356936352903825,12.285337274736902
138,8.912014818089219,12.199696293057336
139,8.179821570341165,12.01700149736509
140,9.084293249674584,12.145006109545058
141,11.279143713026825,12.368667402804368
142,11.822661140956063,12.332315437809415
143,11.051382609891776,12.384571286463483
144,10.941504997471968,12.428548044292821
145,11.50444038822455,12.48564928053941
146,9.857220896133414,12.171126965847305
147,8.947981221361871,12.11524432500207
148,7.844661163712198,11.912209619464017
149,8.915041963740062,12.082475452893942
150,9.679648600071614,12.272047584567298
151,15.751202350886055,12.696041722265687
152,11.06977866855145,12.348969287707682
153,11.179014500320212,12.398548490254399
154,8.616687361282207,12.27433122434742
155,9.832640550923454,12.420193609996515
156,8.56160795668977,12.03172667241216
157,10.897943123273333,12.29111183359215
158,10.298707561356753,12.273553335189266
159,9.143659940203491,12.130619277163495
160,9.2168849956775,12.280747093410453
161,8.617311343708389,12.225813535365958
162,11.236902166444153,12.472472276652868
163,8.280528203353606,12.042762656686248
164,9.287307775969708,12.246338777720208
165,8.636031252012133,12.026740957114592
166,11.663218651806819,12.421290834971524
167,10.865649611344763,12.387036924462155
168,8.732309254880048,11.93229385939478
169,8.964334559215411,12.024984697750401
170,8.839090059175582,12.05733122012054
171,9.993813280649377,12.234423941943428
172,9.866472144011672,12.321893866757959
173,9.376270882340847,12.292644011827221
174,9.189051499438381,12.161579380903163
175,10.248272796015845,12.054770380000175
176,9.719074473435093,12.226101247473268
177,9.710437226248319,12.102077307752262
178,9.044176957787185,12.288567637830894
179,9.712964324475198,12.357930504873009
180,8.516231656749124,11.903339928915475
181,12.273352579673867,12.459023993214705
182,10.408450358100746,12.383846878715909
183,9.427601182082649,12.294071454904138
184,12.862577122747254,12.55447421386139
185,10.343593324255961,12.311612153244466
186,9.352562707554904,12.27221931424719
187,9.943868274131972,12.380825937851167
188,9.381463367849921,12.288773818020264
189,11.732756653076779,12.309373469555252
190,11.535624030971974,12.290913499503008
191,10.137828861979013,12.229023885142974
192,9.005714099070717,12.251678577901213
193,8.623330200811337,11.94615222070753
194,14.38998705255296,12.46017096045122
195,9.186543417557864,12.261016448763177
196,9.322847613545678,12.231073320520172
197,9.498330668682032,12.383487274204498
198,8.522381256989272,11.930611911934534
199,9.503396692037672,12.173410936590068
200,9.348237893764633,12.269663011977892
201,10.515573908870506,12.369008251191556
202,11.154548984456891,12.382277091352682
203,8.324193996318288,11.92723262230675
204,15.169086601046537,12.63610627050289
205,9.16206690655844,12.242834803719436
206,9.867484944115338,12.269706461569726
207,8.84711527496319,12.091850976874206
208,8.991755271595085,12.083631345420923
209,8.25786317068367,11.819140220482454
210,9.059318216019948,12.152119134866338
211,9.251145809533204,12.380818993687692
212,9.075829952551707,12.07618704704274
213,8.257001660922986,11.952640994046012
214,9.643802074394301,12.127483383246487
215,9.204399289300726,12.256760890336228
216,8.74508726879973,12.166517008326334
217,9.54531949064258,12.311687709351991
218,9.06853008769221,12.12117926198226
219,9.659402665602533,12.390331960938186
220,8.682890932001206,12.03515069094671
221,9.01743184149182,12.104700288350587
222,9.166312513886654,12.136146973533267
223,9.917004570933445,12.44355084114103
224,8.97667889212886,12.081048375613332
225,9.255652120354505,12.131515210362542
226,10.46332336411398,12.158164466855954
227,8.80743687217479,12.398422646362249
228,9.98120929281578,12.508646635876703
229,11.002986182901456,12.374641541812471
230,8.507181672315127,12.135552988539587
231,8.83670200053135,12.127118999368886
232,9.625919329452294,12.349807149706052
233,8.637395919591496,12.041651769425709
234,9.9005700948703,12.333610434906788
235,9.42026438469011,12.058886790103653
236,8.976430109821381,12.178647496258675
237,9.26787817125445,12.219630150378865
238,9.128042136398374,12.041651045916472
239,9.439714650600356,12.032522504506842
240,9.767189357884446,12.26862401644915
241,9.062473692678738,12.122829719859482
242,9.366457520828112,11.96394250438063
243,9.465039994894182,12.345191482467987
244,8.801104597787175,12.167247205532728
245,10.263291305196276,12.396521160254848
246,8.079850431557078,12.126296305225592
247,8.842555207261618,12.149655848486963
248,8.976475598650635,12.120886576583239
249,9.272062202158391,12.099163700014394
250,8.50518974170466,12.06379222521674
251,8.65802781582715,12.189474143644475
252,9.809789161370558,12.377490692418958
253,9.508298972983129,12.02144272574533
254,8.629683209427904,12.277243023558784
255,9.217528274192734,12.176511432209676
256,8.426794472341921,12.092935509058561
257,8.549092893408023,11.957580761542392
258,9.859440005178053,12.271904924587107
259,11.004973524310051,12.093513392958132
260,9.429802306017333,12.101536211274233
261,8.562518928150462,11.983942445061498
262,8.246676181400069,12.095161105742237
263,9.585010827113686,12.297675243380011
264,9.383197407772876,12.193281487662562
265,10.35459507104897,12.27056309566325
266,9.254572219484318,12.109626429140498
267,9.275854227996048,12.2433751231939
268,9.914283460559462,12.26075213088961
269,9.992915844353881,12.454161301676944
270,11.602876259402846,12.374480611826819
271,9.782647751398443,12.330006166612769
272,9.131580521265677,12.240689387905855
273,9.81336603212123,12.20461784154627
274,8.476339325801836,12.096011629332558
275,9.765041055112496,12.234003908308985
276,10.511728510058985,12.269430614388115
277,10.379069007000357,12.32836365585726
278,10.817505905592613,12.48866795023383
279,9.052191775572668,12.177869793937601
280,8.252831284672805,12.002693748938354
281,9.611282623563676,12.004675433268005
282,11.23755868927311,12.421403541107088
283,9.189612778702351,12.262024755748286
284,9.216218438185974,12.243874083583032
285,9.557691785613718,12.347495261233748
286,9.158650880108667,12.14055050685594
287,11.699417175451092,12.251986128455375
288,9.486085886065222,12.170629606568736
289,9.8632709824929,12.237553248437726
290,9.609941337995581,12.078287555796196
291,8.34678446686124,11.873353287860025
292,11.214097361679805,12.27992725115643
293,7.769345931019866,12.194430844561257
294,10.620050148198896,12.286392318963799
295,8.732952309581911,12.168092018861767
296,8.749938655262318,11.859049292153516
297,8.754857645958937,12.12676817519283
298,11.017630278196691,12.09871112970481
299,10.105202944427111,12.197201489768112
300,9.478287221508749,12.263677219099517
301,9.142343250097529,12.143859792498963
302,10.366633874355951,12.358610090761843
303,9.076884441436345,12.185670620120193
304,10.088504840004939,12.277578016997339
305,9.913543323237436,12.379464751015211
306,9.39766500748925,12.175866348266824
307,10.77643300401014,12.267501396408194
308,9.224921694266103,11.985878527284767
309,10.002841575416861,12.380516289969684
310,8.751116076122068,12.20339450338826
311,8.988822607398035,12.227148422659361
312,9.295708986142914,12.239546759118388
313,9.719754572411869,12.3286163514781
314,8.560219979910707,12.146220308695467
315,11.87600244876731,12.365200848688207
316,9.412699009285715,12.296604548429126
317,9.02288379875467,12.132009343105468
318,8.897529116507094,12.182366133446525
319,9.890855405085162,12.187417760505609
320,7.690618064738439,11.994120483003849
321,9.262862640113406,12.40223231165088
322,8.914358867146692,12.285665373417151
323,11.715119010511765,12.306004034030815
324,8.783062922289137,12.067130049686279
325,9.771727844304543,12.215220288016347
326,8.161107713560261,11.899105089202084
327,8.374172633084624,11.976443926107452
328,8.83314212111406,12.11454192652279
329,11.137560386636746,12.436802625978213
330,11.086972352869926,12.426130658632175
331,8.951602659266163,12.157443221710954
332,8.116647190728026,11.865539061914806
333,9.956602820711597,12.31957629520215
334,9.174203174264374,12.28177356081187
335,12.475108104246212,12.584943917751511
336,8.87227688012164,12.029240897759815
337,9.404827584841494,12.311542674696161
338,12.42965235751787,12.487882965311872
339,9.776948167439492,12.393899969879257
340,10.017046906361283,12.125179417127843
341,9.260552172258746,12.023989175017027
342,9.064764604699368,12.149480671869958
343,9.375752781620477,12.204775445354226
344,10.824189558224937,12.39590981590096
345,11.500211316145768,12.354546492815286
346,10.52249286918575,12.389768255586334
347,9.47661688940311,12.306844644398446
348,9.054511746344383,11.920775638285434
349,10.750553792510336,12.388851596809298
350,9.842980622867898,12.333847995191599
351,9.279284581013167,12.088946303860597
352,8.256053485217727,12.046369522655052
353,9.473529490939233,12.229412668605047
354,8.781134811686291,12.150325046635274
355,8.894042622713565,11.932485664641494
356,8.570196039055045,12.067901210039139
357,9.38717355492879,12.231131218467597
358,11.133615555866994,12.230244796024808
359,9.210161015212423,12.2566938237543
360,8.800468189314664,12.264191648750007
361,9.130864011323801,12.188258498197452
362,8.578334186784337,12.171230493383488
363,9.784137267806083,12.36050947918842
364,7.998139942377758,12.052271527076616
365,9.277878485700537,12.303154305163034
366,9.258817209473586,12.249823183599583
367,11.01072038484846,12.315614649429676
368,8.942734502132453,12.0149373422928
369,8.183462645733343,12.01251122880436
370,12.290782575031386,12.393942171257063
371,10.591959079303624,12.215569441318397
372,8.869259202796831,11.941357058302511
373,9.560228215685663,12.100197679927296
374,9.346162299482444,12.060289448972167
375,9.12745957220324,12.038693454587763
376,9.421076171152386,12.361045315587635
377,8.913260227605646,12.10592156781667
378,9.599366651940342,12.301929136651827
379,9.347357356361027,12.31197197228143
380,9.432444832296191,12.179066962662075
381,8.672046706027738,12.06140086295457
382,8.832017061574385,12.00464797130537
383,8.636904685370618,11.624510512253453
384,9.47430564125734,12.310350357725456
385,9.495710714549235,12.358418737708122
386,9.269281415437744,12.187714924400547
387,9.045462007532363,12.114968919123179
388,9.25730447913135,12.191588696104013
389,9.820448300177995,12.480690235107941
390,9.944343430230447,12.366752385214628
391,9.44410900275561,12.154546881123
392,12.444211161410172,12.532664133641578
393,9.87210349212634,12.222407880963175
394,9.228661495031746,12.158356872776542
395,9.051353658045644,12.108119671058041
396,10.68955830819383,12.237481981606487
397,8.647452674651241,11.875310547547562
398,9.74565254297171,12.28932452194537
399,9.022055133812822,11.848379819599309
400,9.138672334261038,12.191875770534038
401,9.414772747786827,12.36304132880427
402,9.06550246490501,12.15007606339146
403,10.70087603654884,12.44466453564379
404,12.327506715617615,12.524469408916673
405,9.176975124746097,12.32035798379603
406,12.36843635933137,12.545935321921784
407,9.503702933013333,12.18009303309311
408,9.11909210472056,12.232892345020824
409,10.532807219911364,12.47086970858525
410,10.071584194218767,12.1435287591402
411,9.358922990962721,12.167770907960158
412,12.33849004193401,12.44625915403787
413,9.35067480475964,12.252864181274917
414,8.265778280909508,11.987102964784633
415,9.993375831728718,12.198293596831002
416,11.377789885877043,12.225754228852537
417,8.52787372579127,12.034777936866549
418,9.179778320071001,12.330987917682007
419,10.476886658332822,12.301255210771503
420,9.913442790605309,12.286931779469286
421,8.738977166017445,12.13705625789722
422,9.280181640555034,12.181333195718057
423,9.210385685099766,12.133045796381026
424,9.910992801857766,12.247775608297765
425,9.549126036881486,12.257328304706611
426,9.145595228299822,12.188713454053378
427,9.497525276848965,12.307904286032496
428,9.478367158413779,12.21209371978713
429,9.152086059476112,12.228130855143181
430,8.535625029125745,11.99049843988122
431,9.480184932067031,12.036106958932576
432,8.243141370968624,12.01576606846426
433,8.945023832913753,12.096419483176115
434,11.009847331868906,12.305210385606395
435,8.315105699469273,12.02525602774969
436,9.514906858531484,12.276656611848448
437,9.974104550000156,12.094317306055423
438,10.196050497815069,12.173577840663123
439,9.709622039782374,12.358868104635073
440,8.982533953999148,12.118709192138983
441,10.515577169334465,12.31779987194837
442,9.67985773369199,12.34734505868497
443,11.282798309561837,12.396873070983553
444,9.91730392412025,12.370802810378901
445,10.762410184291552,12.025852680766876
446,9.185228150337439,12.119616874544533
447,9.25570959951179,12.150107550123328
448,12.46220755992821,12.42241065084982
449,13.746131866448264,12.660456593664218
450,9.803909667160315,12.276905107986398
451,8.445875060652252,12.415525779237564
452,9.020522614576524,12.232691202185647
453,7.735704400176947,11.694956130703648
454,10.425439040946664,12.177245697706338
455,8.811260053626986,12.203380228981493
456,9.237959750635998,12.076706086939625
457,10.43331007026657,12.383149661265472
458,8.876661560353124,12.169130114824574
459,9.967368629289513,12.306604376311148
460,9.019864449401258,12.254002167646187
461,8.834903718189894,12.067863392745629
462,8.666416279668427,12.087207468926701
463,9.597678111231717,12.28395566588504
464,9.198650567327844,12.200709062718742
465,8.631918333098534,12.08280684726047
466,8.727802520507533,12.234972152332976
467,11.45294306780868,12.45316298617125
468,16.711852063846788,12.798386520005076
469,8.861305902850884,12.096727548862578
470,9.54649403460017,12.199794903305232
471,9.413525107949933,12.215092456118864
472,8.915683784027156,12.139017380906
473,9.450528305716771,12.33646560377606
474,9.126564256734177,12.161180600388287
475,8.668302186620739,12.03018366425063
476,10.993624376493386,12.27784945552428
477,8.739485843858386,11.997874702351806
478,9.055286770730653,12.246289693810727
479,9.54498364457107,12.348553064318967
480,9.151004731886822,12.139796110507518
481,8.461513321506207,11.938785068939799
482,10.099116951204902,12.084836844668917
483,8.905392261372665,12.091589433217747
484,8.300868276369238,11.76396281696162
485,9.336801593555748,12.384998444488678
486,10.07320884761285,12.4995515088152
487,9.867914471776482,12.315537206110426
488,9.316563648572268,12.399366346287492
489,8.77240762900219,12.14458502373146
490,8.346581948495666,11.637318471438487
491,8.933923327085687,12.06049484395867
492,9.93007951758256,12.245075715398093
493,9.752830055714842,12.407161653525035
494,8.92558571970261,12.03748506068162
495,9.630165709136437,12.302028592678672
496,9.2624190924159,12.218800105797243
497,9.020469700496957,12.190881507829065
498,8.789701497216926,12.098658766244904
499,9.44727007191866,12.178575661266079
500,9.605717471971477,12.383649822324756
501,8.923141454415765,12.14652557568234
502,11.21354669229281,12.137045989149692
503,9.412253456459185,12.227396026292272
504,8.886881798564605,11.937852242073088
505,12.641369864095562,12.327516551629765
506,12.39324758607368,12.349297994012707
507,8.593977981084214,12.125174561947134
508,9.174016071656908,12.164678015566711
509,9.204985241738704,12.129913002913227
510,10.462432195377176,12.336099917464441
511,9.528615445164151,12.171218052756029
512,9.488404817244707,12.255839844306728
513,8.612843234173999,11.908397175903794
514,10.366002069533014,12.368863623163229
515,12.751097746136956,12.40610205216928
516,9.179526132222916,12.060394910426593
517,9.104690479858002,12.218549698767534
518,13.72365410848495,12.624468234548871
519,9.354633998490813,12.214853257085249
520,9.172996317742632,11.835244641719116
521,9.340275540879215,12.309925201639874
522,9.259477482603364,12.200319229960705
523,11.303834090453828,12.223951053146072
524,11.605074326103189,12.457540635956477
525,9.86857604463098,12.02713490124189
526,12.43010223106746,12.276903908358364
527,10.45681755708497,12.309466455821896
528,8.186229164422683,11.9921547927416
529,8.766318721998754,12.168575225883567
530,9.634805535737028,12.288872499302176
531,9.116278908980007,12.057892455543554
532,11.252893028226508,12.376319180382158
533,9.467987291833882,12.298169542574357
534,10.354942594170499,12.330059746982831
535,9.974441107619198,12.377282707127943
536,10.268024141526318,12.15730896378258
537,9.486228061396957,12.240388003925354
538,9.418741571295339,12.286241169360338
539,8.27755215013226,11.945134726025657
540,9.81694605270608,12.322371301729916
541,9.969489545291172,12.225097023855112
542,9.524161565383928,12.20512322801946
543,9.456508462036924,12.204173398838511
544,9.2574907862859,12.12425424725563
545,9.569028065639966,12.409458870842162
546,8.55004338192314,11.83842063278522
547,9.442483786340338,12.227833918661528
548,8.95011707091463,11.995502149394657
549,9.590222450924163,12.33521783091822
550,11.307851708383213,12.297617459564393
551,12.132309633192286,12.506117200747282
552,9.98156640840986,12.362432807711839
553,9.045565691909504,12.199506210852885
554,18.069978264373233,12.869650777087891
555,9.620531912875624,12.269536953360582
556,10.17285788793078,11.968852481657873
557,8.414440308873058,11.724638235602717
558,9.228580699057087,12.25859790301749
559,10.979021193684227,12.217982468116482
560,9.00865534057146,11.952074635647085
561,8.460520266536053,11.946940817359677
562,9.690577618949712,12.304848981187778
563,8.708176613231489,11.910886277033459
564,10.892353131037892,12.2772307668119
565,8.833025986557816,12.12791131780747
566,10.710590857079078,12.447739948960269
567,9.845867868171505,12.257399675285464
568,9.71347526567504,12.248362291999628
569,9.170680854644196,12.150466463613537
570,9.805269205809902,12.402459319931628
571,11.603258535200046,12.196142602759567
572,11.241309545343634,12.357586831128652
573,10.059265758492481,12.228844822103985
574,7.815646382063828,11.747459926647581
575,9.36020377566204,12.274791680864178
576,8.678103879489266,12.014587144095398
577,7.683674774266237,11.700409368137963
578,10.266598884677926,12.393371999113986
579,9.769493131982971,12.306301324998925
580,9.822549882817889,11.93853622019057
581,9.237458312019147,12.073621685051164
582,8.761986817260313,12.134280270795099
583,8.856296689835897,12.150524592097566
584,10.13903224089346,12.40358961666116
585,7.791277621915881,11.767520443680805
586,9.9687898577463,12.307346053425446
587,8.837798894190067,12.11680516617924
588,9.159400487885035,12.24876821188526
589,9.275214917171404,12.03651733188292
590,8.552722133703183,12.048452707107591
591,9.79287556156256,12.355076491375277
592,9.59472306019291,12.24584305098471
593,7.883026391548563,12.015187931130681
594,9.243573507707561,12.354337257426442
595,9.74751435411279,12.28257763155162
596,8.852074725223298,12.244876469235829
597,9.191991496701442,12.212627798333845
598,9.43760334535943,12.302439362955909
599,8.842339201120163,12.030594986769344
600,9.477657275464043,12.210195842271013
601,8.964349937493731,12.296193315367725
602,9.416246728828757,12.301615252069753
603,9.387165858956818,12.246714291578376
604,8.780031043555864,12.017373122696599
605,9.713579810673487,12.207756064673665
606,9.866033639067107,12.249938869146648
607,9.278913466698677,12.365694917562218
608,8.929114222379006,12.23719259008341
609,9.104005383601068,12.254320829742184
610,8.682795783066274,12.02076694692518
611,8.545360566717678,12.144921237748688
612,9.201944182400986,12.155743791126994
613,9.203690695350973,12.173096731015647
614,8.927318516138465,12.191379125651837
615,8.502839262546741,11.944090565500035
616,9.21396924654097,12.203744439326186
617,10.08262015904692,12.358513321522398
618,8.616022736568198,11.989107668274334
619,9.198788683101304,12.10699516208422
620,8.623301924513342,12.023327741269421
621,11.466552035174901,12.350584081570007
622,6.9535079558797595,11.62932897155807
623,13.102825017002168,12.460197317176316
624,8.767672160580746,12.199916149267075
625,8.698330897259638,12.250543171040503
626,9.041191131542812,12.024467881825052
627,8.97865337307881,12.19883289033994
628,8.351986811710104,11.920612720358685
629,9.267539743021871,12.263922727240201
630,8.662542694782442,11.899790713075129
631,9.205076367622505,12.232426634465588
632,9.749352518262542,12.40861055952026
633,9.499315940752252,12.276811216229527
634,11.38280853728195,12.276211450336643
635,8.396509988557337,12.041389410288456
636,11.990217861187121,12.28234996376454
637,8.699157634010774,12.00086271078969
638,11.332656600746503,12.380291460557915
639,8.099918285207211,11.859577951993908
640,8.681540438061003,12.05213268557079
641,9.379642153695546,12.29837408206553
642,9.016927323376457,12.233829488362542
643,9.223712436631427,12.193059433246233
644,9.50728195661616,12.174092867727289
645,10.366705763274283,12.208253426489593
646,9.666580444263763,12.28492504364585
647,8.422755778438978,12.252312956555784
648,10.853701455599488,12.408472577243632
649,9.474142273304361,12.245105939130074
650,13.140519070225475,12.45909158325177
651,10.06931382494694,12.31680574632406
652,9.46077752989707,12.251220743101257
653,10.83251279067123,12.463484152588364
654,9.294619276088513,12.005867616222918
655,13.457808425091933,12.46454525335144
656,12.957548517792215,12.43207607874949
657,8.723980383389236,12.076230180757943
658,9.271060425444315,12.254344025160096
659,9.408583136984626,12.11161742457384
660,10.785812470879065,12.264020707690353
661,10.224714364954865,12.389145336983361
662,9.108021642438022,12.145526283352895
663,9.470663134937874,12.169345946831577
664,9.464982616241777,12.223721383607817
665,9.943074346172978,12.28897431908428
666,12.1257530450418,12.453893874597803
667,8.848123071931376,12.181393404111262
668,8.771308878932077,12.147634689984507
669,9.527949574452949,12.297544004762786
670,9.101891165173107,12.161863891453473
671,9.11942687090639,12.115921812940659
672,12.310460047662282,12.679124831562824
673,9.47184921327445,12.274623924966793
674,9.622453462814901,12.19915867669435
675,9.407252204401534,12.278863788812208
676,8.877851950250921,12.132979411855441
677,10.616694896329339,12.257452856277464
678,9.407898079497608,12.168167710412062
679,9.917616331552832,12.265216033727699
680,9.13707768686905,12.271744610033554
681,16.441822951035157,12.717167788801666
682,9.160523104262985,12.23616688128057
683,10.578883360645113,12.379357658388697
684,11.402380777818935,12.44765262264126
685,10.356611452076868,12.267787430223944
686,9.29796395903956,12.253175714769823
687,9.356966804028245,12.18477267754691
688,9.18443184308649,12.150892291416755
689,9.338833742508484,12.11707331671689
690,8.54027229510664,12.015022854984393
691,8.279173495840672,12.104377866582537
692,9.058017152075228,12.181372559741392
693,8.188496027397768,12.101452992380043
694,9.672134416056986,12.304058238771617
695,9.306005700022611,12.142331883453577
696,10.258802495873516,12.282947123783861
697,9.63165012418915,12.154451598447004
698,10.173221836690885,12.24848782234516
699,9.844271087502896,12.37646839606872
700,9.8404765885711,12.43677418960368
701,10.127501093511702,12.267465408152933
702,9.6765285534029,12.235713803846359
703,9.56976406287825,12.225517060972408
704,10.08301611487193,12.20179055017831
705,8.0963517821312,11.991636406287798
706,8.472908264639702,12.056253054536294
707,9.054496073442145,12.327517017863881
708,9.072618923049472,12.153575859665136
709,11.09833849636896,12.323304350057132
710,9.797390914517063,12.161409196004042
711,10.51265609491031,12.242491646539891
712,8.829152669052691,12.09893845935317
713,8.198600452141045,12.196182111109607
714,12.825621644163098,12.725092733070271
715,11.927142900605848,12.410915535464053
716,9.111449536572136,12.142989097781783
717,14.690300820618946,12.592415831062468
718,8.666450582822051,11.855280858155762
719,10.019869552196655,12.327348398367993
720,9.736057791079094,12.29314288201006
721,7.978146327678413,11.657767200319661
722,8.988278799020977,12.091391521488006
723,9.239985334180362,12.264699552493692
724,10.67818089413907,12.316494423015953
725,8.346040210822032,11.758325884778898
726,8.94422263869476,12.00014337347864
727,9.032287844195292,12.249110020598511
728,11.925612381394755,12.382934945091044
729,10.118210744026577,12.362108832236915
730,8.501439224962882,12.0889507860611
731,8.44009498620033,11.952035804176798
732,11.289780125455625,11.987872962735148
733,9.411668021605028,11.995283024367186
734,11.55041124597217,12.44049270940485
735,9.263411869642358,12.172547876160232
736,9.312198633913459,12.180042830685375
737,10.054735366734038,12.191650034052536
738,10.644667083184324,12.337403438599601
739,7.888185849180645,12.15775816541418
740,10.481074444903014,12.238856546564467
741,8.634340036392357,12.02571816835403
742,10.802579612195652,12.2947347222385
743,9.42197452129703,12.21753776245574
744,10.443080423007292,12.245172943837103
745,10.020368509854947,12.210039421975281
746,8.971693607952314,12.095561332505186
747,8.503800507590645,11.769800190467544
748,11.24133896117763,12.433770547714452
749,9.410118303779816,12.40182690907506
750,11.255461058523546,12.325658658958936
751,9.326401941729015,12.027233585141957
752,8.659492742607235,12.14600018151733
753,8.186262464174611,12.068871495291116
754,8.909925412981028,12.075649179162115
755,8.579335000948822,11.826340691433748
756,8.715304241990266,12.160339789903162
757,8.301148820299558,11.862924548509978
758,8.03509983158422,11.669759017146653
759,9.413627073231266,12.176534569054754
760,9.250026582724551,12.225302746530899
761,10.376450982333273,12.258758005576164
762,11.581731058672991,12.428147694180106
763,15.177482764567305,12.596323175846834
764,9.361435372457635,12.232212600717586
765,11.301944068809638,12.44546281475384
766,9.608186044866136,12.35916411514541
767,10.631021465161597,12.142854264855986
768,10.297348432333276,12.452985807014324
769,8.138602002116007,12.017948503616381
770,8.384463653736603,12.063077874511029
771,9.8196970462726,12.293480873962366
772,9.47418697755547,12.284842166765975
773,8.635950366961561,12.053634103195595
774,11.500858746476425,12.416777073061185
775,9.216885502131802,12.157404049183127
776,8.707554449446704,12.095510715573006
777,9.262027843768879,12.158117276223155
778,9.14789946103302,12.267491037727828
779,8.978150954051452,12.13423289933277
780,8.799378029191367,11.926610076971606
781,9.097700289153648,12.265279130275896
782,9.664375877789368,12.16226883556572
783,8.817682013476434,11.918706167977502
784,8.328260624261114,12.053440564806255
785,9.941171521003888,12.314935545269538
786,9.608412759355069,12.193776116444486
787,8.744783136044981,12.085954511090861
788,9.316934283216971,12.239716881004847
789,9.187764921512313,12.195767994997903
790,9.168360899302257,12.14664305729414
791,9.260673003344007,12.172222629867214
792,9.85786994952906,12.288113864212706
793,9.57546911706504,12.12992982803286
794,9.543624329153381,12.320794685088188
795,10.353247908399505,12.24132157888249
796,9.49412759473801,12.172859566815287
797,10.057446024228415,12.220420936240684
798,10.412067084542642,12.288540301268018
799,9.348517129596233,12.285968019066935
800,9.682986514208874,12.128821324706868
801,8.928218595479816,12.121341558940337
802,9.304767923351156,12.18111505075343
803,8.764843473466295,12.165406587911912
804,8.700432991068194,11.988101513179528
805,9.330005921050331,12.24079235699712
806,10.494563256657592,12.376436393464893
807,9.100063627940324,12.101032565663797
808,9.725570584815879,12.39908401412792
809,9.656551955760962,12.249297919051067
810,9.331722532454947,12.224549227074764
811,10.273792533779078,12.34662914160743
812,12.790789517410161,12.460211465652916
813,9.722864179271047,12.280297971931361
814,10.295546546476176,12.335073942258596
815,9.25401325289871,12.121797370436871
816,9.266847963030832,12.217323557977672
817,8.274551287085572,11.889054205637619
818,9.291504816152084,12.285407223312934
819,10.487987750037709,12.209079820660072
820,9.427599836495187,12.301291989336514
821,9.252714771254766,12.34652142336331
822,9.667160488456616,12.291223981976335
823,8.81623177759916,12.098753629449153
824,9.42468494777681,12.275561798983984
825,9.063493935104248,12.140718802176593
826,9.234390832905854,12.21702816892052
827,9.80333628086322,12.017203907114071
828,8.615575092257796,12.066741128434314
829,8.642144494269116,12.027458901928117
830,12.296965986601032,12.470410224934533
831,9.653125255533272,12.325819320522747
832,9.686425683914324,12.411171424416146
833,9.762417965134174,12.261949829814572
834,9.208354702365197,12.138511399289012
835,9.853762514290976,12.275141836801685
836,9.671281708166763,12.189056487439753
837,14.236979841106548,12.611445751239057
838,14.418241061804514,12.686620044104112
839,9.820830054989411,12.362180814821235
840,8.784267858013383,12.098522989494228
841,8.40918721727326,11.917468329341066
842,12.89376814933197,12.502517188080754
843,9.17282429987634,12.309549477764241
844,9.982752123425808,12.324778956858848
845,9.541874642960286,12.22686909387397
846,9.209005973244441,12.328642092308
847,9.417148884447087,12.268557482666274
848,9.034021387566414,12.246148917916287
849,9.248151808724314,12.249621941582845
850,9.03852478487838,12.227239435495907
851,11.171747270515908,12.2144599649416
852,10.18964004254359,12.255933949296153
853,9.069511220678702,12.162855527813091
854,10.108465079032245,12.242871388542945
855,9.482803854635593,12.299631258682968
856,10.014859353567395,12.160355088498921
857,9.146723216113804,12.101602827511387
858,12.07406904020984,12.312103469822386
859,11.65299435896302,12.349339118435019
860,8.744214441620288,12.278131308980583
861,9.891333008359805,12.414867275618237
862,14.611176189987262,12.548532042259263
863,9.487532119249073,12.286678104331724
864,9.47214210607836,12.287529963913006
865,13.540131553547782,12.427781568088983
866,8.955415083634705,12.35613183454649
867,9.92237602031467,12.227311847747874
868,9.209724189015482,12.240502781533689
869,9.260454117259497,12.12027528613457
870,8.548613365006785,12.076825454590765
871,10.248513322555269,12.297473166369763
872,9.811522824865722,12.246939917326161
873,9.769682741642947,12.16227306347241
874,12.635628209408399,12.445733186829216
875,8.275544320219558,11.92391684835685
876,8.720376333628039,12.11414873975502
877,9.678414691926266,12.361905297222783
878,9.740055587621645,12.112253865237811
879,9.89952910502539,12.143770678889249
880,10.032378490012452,12.30586761715714
881,8.472126300338733,11.853198774959216
882,9.711033962512941,12.335372610854924
883,8.832383699131475,12.150648628813844
884,15.010350757688224,12.678350164959914
885,9.16691519620266,12.17050933618704
886,8.503407440581435,12.082287066462557
887,9.276922215810032,12.27196272449169
888,8.746143800298205,12.04287203297825
889,8.250199820924792,11.86587946981536
890,9.285359133858856,12.279603916418873
891,9.319380056087772,12.053290351213047
892,12.255396474206506,12.479869585202092
893,8.35724760943651,11.87566624299926
894,12.186898772238552,12.442016278639116
895,8.690458020905423,12.033817399242992
896,8.824935602190829,12.235638752768274
897,9.967000603908728,12.299899308470524
898,9.702522480889986,12.272402630108767
899,9.730452296037495,12.170425433101821
900,9.077688436793535,12.177123452403297
901,9.729348496373987,12.272858642824005
902,9.30928743183757,12.120142999910476
903,9.810286581072228,12.151982366625022
904,8.896273059141793,12.125071675961989
905,9.132094004192817,12.127570189871582
906,9.941280461109478,12.326552061543616
907,10.305536503690334,12.258601302787987
908,9.281831066413009,12.252986108096561
909,9.679837584024332,12.220659145916528
910,9.87046333106144,12.102171041380199
911,8.967486374237197,12.111947368809371
912,8.930196821756825,12.212551382921387
913,9.328938782562929,12.132816784460598
914,9.854006424422701,12.285189086152569
915,9.08418924008683,12.20402506682737
916,9.618256320969925,12.31717613200943
917,9.044627233558101,12.318735159209494
918,8.793495141091404,12.003396914088109
919,10.03571187544884,12.456723017788399
920,8.542106520125188,12.050364502632764
921,9.3788894195059,12.243810718786373
922,10.98419994060219,12.457980436177952
923,11.635872860643977,12.445900191547988
924,9.320430028180759,12.196301296733685
925,10.104090911908708,12.17937095961106
926,10.480124956556526,12.30215672735178
927,11.11331409106764,12.258477819966682
928,11.018636080704514,12.327490058088582
929,8.712971205788037,12.129086527531207
930,10.338621101271153,12.23342124670106
931,9.627403209739244,12.276399409068476
