,Unnamed: 0,unigramCost,bigramCost,parsed_CommentCount,parsed_BodyLength,parsed_UserReputation,parsed_UserViews,parsed_UserUpVotes,parsed_UserDownVotes,InlineCode,BlockCode,BlockCodeLine,Hyperlink,Edit,Label
0,0,9.958463272701467,12.137131720105106,10,1531,15837,1134,1990,511,6,3,24,0,1,0
1,1,8.550237494175475,11.871002505297279,0,160,461,46,34,2,0,1,1,0,0,0
2,2,8.914158749808681,12.3773715891804,0,67,31,6,0,0,0,0,0,0,0,0
3,3,8.768699249681749,12.20668115403696,0,420,121,4,6,0,0,0,0,2,1,1
4,4,9.316040224314806,12.181689602429502,1,2554,272076,19605,5576,4509,10,4,11,0,1,1
5,5,10.010246369978004,12.285380855513372,0,613,559,80,145,20,2,0,0,0,0,0
6,6,9.02225983488406,12.131339189935039,0,1447,4786,1268,252,137,3,0,0,5,0,1
7,7,10.170435524013103,12.239109470802848,0,2361,626,82,156,1,0,2,31,0,1,0
8,8,9.10173872430004,12.317244173499287,1,268,131,39,31,0,0,0,0,1,0,1
9,9,11.677475731960385,12.375615169392061,1,226,1100,112,1731,2,0,2,10,0,0,1
10,10,9.256772561045556,12.318933255463026,1,776,31,10,4,0,0,0,0,0,0,1
11,11,10.888519053218822,12.399071644833768,8,2674,184,23,11,0,0,2,63,1,1,0
12,12,10.147682700273114,12.201572778313725,0,1602,5458,718,590,42,0,1,43,1,0,1
13,13,8.717355894074744,12.150543958235051,1,732,1308,107,88,2,3,2,7,1,0,0
14,14,9.270908740640731,12.278790105505367,1,148,181,13,21,0,0,1,1,0,1,0
15,15,9.63064134154436,12.352607531881725,1,986,1606,83,9,0,0,0,0,1,0,1
16,16,10.1716930470541,12.417585571074019,1,253,49079,3709,2930,360,0,2,3,0,0,0
17,17,9.19760683623287,12.163242820739903,1,391,33601,12784,4195,3857,0,4,7,0,1,1
18,18,9.458007471817552,12.312635733583072,1,777,18747,2200,55,10,4,0,0,0,0,1
19,19,9.297633699408504,12.07458736175604,2,329,49079,3709,2930,360,2,2,4,0,0,0
20,20,9.085036486576827,12.192870257246653,0,198,5825,915,2336,8,1,2,2,0,0,0
21,21,9.274399166912707,12.077169265084699,0,360,32123,2971,4620,18,5,0,0,0,0,0
22,22,8.538633531722931,11.934285901764328,0,937,2235,216,157,11,10,2,4,1,0,1
23,23,10.05579274337667,12.319714115648694,1,612,15837,1134,1990,511,0,1,12,0,0,1
24,24,9.769579642536991,12.397934403211764,0,695,1606,83,9,0,0,0,0,1,0,1
25,25,10.198789686716593,12.41449192343524,2,457,4450,333,1194,14,0,1,12,0,1,0
26,26,8.922185175151807,12.17228778632014,0,261,1084,48,293,3,0,2,4,0,0,0
27,27,9.236353298292123,12.352289726875474,0,444,56,33,16,0,2,0,0,0,0,1
28,28,9.782148132733925,12.293741399526446,5,3859,1021,220,10,1,1,1,43,2,0,1
29,29,10.455441053814061,12.297587074915599,0,776,36209,4654,2715,1256,2,1,18,2,0,0
30,30,12.513351215857313,12.480007739382705,4,362,164847,15327,4764,689,1,2,15,0,1,1
31,31,9.428717158778495,12.348820093967381,0,583,81,8,41,0,0,0,0,1,0,1
32,32,9.630396645880504,12.146483166434631,0,689,22583,2373,75,181,6,3,8,0,1,0
33,33,10.953892316470792,12.388444110112937,4,372,380,66,9,3,1,1,8,0,1,1
34,34,9.920458678936493,12.167717345523613,10,227,164847,15327,4764,689,1,1,8,0,0,1
35,35,13.987240420881976,12.518454849157324,0,283,164847,15327,4764,689,2,1,12,0,0,1
36,36,9.248696123352683,12.193734778449507,3,1430,64441,5293,3714,87,3,4,10,1,1,1
37,37,9.500191662319498,12.183372471580293,0,332,101063,8719,1880,29,0,2,2,0,0,1
38,38,8.852718104769565,12.144682833572569,0,449,49079,3709,2930,360,1,2,12,0,0,1
39,39,9.761829355076156,11.957894978882734,1,562,1662,431,324,21,0,1,8,0,0,0
40,40,8.704613236473191,12.115203327549311,0,367,33601,12784,4195,3857,1,3,5,0,1,1
41,41,9.553981494429678,12.340399904399964,2,1601,687,230,58,1,0,0,0,1,1,1
42,42,9.828849339154074,12.038404806461813,1,1238,1,2613,916,164,0,2,30,0,0,1
43,43,9.815915124094325,12.431567938273394,0,509,335,32,205,2,0,2,10,0,0,0
44,44,9.29565810724756,12.241040677882676,0,377,600,74,1914,0,2,1,1,0,1,0
45,45,8.658496832965355,12.183505845620305,1,257,335,32,205,2,0,0,0,1,0,0
46,46,8.860151344022759,11.838850465933625,1,244,11761,486,324,95,5,0,0,0,1,1
47,47,11.443081992754196,12.451718049456874,3,1229,74,13,1,0,0,1,27,0,1,1
48,48,9.677425222040595,12.234335814677902,1,400,477375,68451,6422,3351,4,1,1,0,0,0
49,49,10.231893464737876,12.244212937324644,1,1885,12942,2554,818,1086,10,3,27,2,1,1
50,50,9.967314785077706,12.28936305230786,5,691,1227,101,88,7,0,1,30,0,1,1
51,51,9.255964432968732,11.967289878917413,1,268,1227,101,88,7,0,2,6,0,0,0
52,52,11.062991141432382,12.24593428982935,0,376,223387,26068,2924,740,1,1,9,0,0,1
53,53,9.650981125112644,12.187067813838695,0,252,159,17,4,2,0,1,3,0,0,0
54,54,9.984143609817435,12.48470366698128,0,133,72,12,9,0,0,0,0,0,0,0
55,55,8.676453535811339,11.86792050469744,4,577,29180,4315,2153,1036,3,2,7,1,1,0
56,56,16.06731542747075,12.683133613629492,8,3250,4803,833,1351,258,0,6,65,0,1,1
57,57,9.39136695082052,12.195105922839351,0,634,18860,1780,141,2099,0,1,19,0,0,1
58,58,8.765759372995198,12.071884576469882,0,298,791,62,85,1,1,1,6,0,0,0
59,59,9.879702200174618,12.2625203103226,1,935,6041,460,707,281,0,4,10,0,0,1
60,60,8.802347581794058,11.89535624808183,0,337,13703,1712,1407,166,7,0,0,0,0,1
61,61,10.210059996522547,12.140575624239595,1,205,159,17,4,2,0,2,7,0,0,1
62,62,10.87916817596848,12.347165125814696,2,3397,5537,467,164,10,0,1,67,0,1,1
63,63,9.781131477736967,12.221412596761072,4,762,173545,54178,8947,7377,3,4,13,0,1,0
64,64,8.869090173729612,12.12437179879938,0,234,1,2613,916,164,3,1,1,0,0,0
65,65,12.554624414268735,12.27907416982038,0,531,173545,54178,8947,7377,4,2,16,0,0,1
66,66,9.118320423253897,12.124630728395735,5,373,28058,1244,1934,0,2,1,7,1,0,1
67,67,7.487767425588423,11.797092799802101,2,246,4803,833,1351,258,0,1,3,0,1,1
68,68,9.308322491210443,12.140814262781305,1,1681,13348,1378,835,85,8,3,21,0,0,1
69,69,8.004510276448876,11.499971667343216,0,236,4021,623,389,61,0,3,3,0,1,1
70,70,8.519495100473321,11.856948723580205,2,527,427380,89269,18260,743,3,2,6,1,1,1
71,71,7.813335139856784,11.925207641129768,1,132,18860,1780,141,2099,1,1,1,0,0,1
72,72,10.047864439332967,12.366871201064553,0,542,613,36,49,3,2,1,2,0,0,0
73,73,7.79276294778279,11.868941879610778,1,197,40727,5512,1461,1828,0,2,2,0,0,1
74,74,8.886734674482597,12.11177076976584,7,286,1366,96,33,0,0,2,4,0,1,1
75,75,8.348543222498758,11.94589557451282,0,221,619,176,0,5,0,1,1,0,0,0
76,76,10.172362300521957,12.06553652058901,8,784,427380,89269,18260,743,8,1,12,1,1,1
77,77,10.035852429399355,12.441379546671929,0,1022,613,36,49,3,0,1,11,0,0,0
78,78,9.048755725633294,12.325826381791387,0,262,81,1,1,0,1,1,1,0,1,0
79,79,8.879630439826279,12.022776375825677,4,469,18860,1780,141,2099,3,1,2,1,1,0
80,80,16.833235494764526,12.692728917344489,2,711,173545,54178,8947,7377,0,1,13,0,0,1
81,81,9.268099752950313,12.191958939254846,3,420,16179,1879,3497,636,3,1,1,0,1,1
82,82,8.543369320261563,11.990635790439722,4,855,20443,4119,856,5581,2,3,3,2,0,1
83,83,7.776711578146482,11.888082357495101,1,832,63154,13103,3455,2612,4,1,1,1,0,0
84,84,9.396486965873539,12.162123328913513,1,1778,1272,390,454,438,16,1,1,0,1,1
85,85,8.935653840565328,12.159021945078607,0,837,1106,65,126,3,0,1,2,2,0,0
86,86,9.401330273606018,12.283742912362984,1,279,7208,610,754,8,3,0,0,0,0,1
87,87,9.942832177457696,12.300587884985301,1,281,73,17,25,0,0,1,12,0,0,1
88,88,12.095728153004243,12.327510788295042,1,2373,1519,137,63,23,0,3,39,0,1,0
89,89,9.389203058815813,12.264916880742268,0,1165,2939,464,219,56,3,2,2,2,0,1
90,90,9.53527905937634,12.000005941394816,3,1254,427380,89269,18260,743,6,3,31,3,1,1
91,91,12.865318482428679,12.521418173314792,2,754,106397,13644,2913,6104,0,2,13,0,0,1
92,92,9.959707211369333,12.139396730865467,2,541,427380,89269,18260,743,4,1,7,1,1,1
93,93,8.949591899341845,12.259599913671256,0,331,301,50,79,0,0,1,4,1,0,0
94,94,12.201742170230839,12.524655178607896,0,230,4803,833,1351,258,0,1,7,0,0,0
95,95,10.088189447998099,12.038583079907546,0,287,31,2,0,0,0,1,5,0,0,0
96,96,10.192084151381394,12.139006827581987,1,1658,1227,101,88,7,2,2,33,0,0,1
97,97,11.002396963905113,12.351313148144955,5,992,335,32,205,2,2,1,25,0,1,0
98,98,9.762701155328195,12.322163060602131,0,293,69,111,35,0,0,0,0,0,0,1
99,99,11.290134842143445,12.373791439547134,1,924,658,36,318,6,1,1,32,0,1,1
100,100,9.59987011500912,12.237716551235225,3,623,18860,1780,141,2099,1,1,10,1,0,0
101,101,9.713353771946792,12.439362839363561,2,663,9865,931,197,101,2,0,0,0,0,1
102,102,9.639340018608832,12.26003718065494,5,806,32618,3898,2731,31,3,0,0,0,0,1
103,103,10.012964296460405,12.081469658523163,0,269,1662,431,324,21,0,1,6,0,0,0
104,104,8.703506568238017,12.087791218401575,0,994,877,43,21,6,1,3,15,1,0,1
105,105,10.686279412402136,12.408466053274465,1,1375,989,186,218,610,0,2,22,0,0,0
106,106,12.936179849704926,12.478091265826114,3,1219,427380,89269,18260,743,3,2,17,0,1,1
107,107,10.770998674460673,12.295948369868498,0,832,53,23,3,0,0,1,21,0,0,0
108,108,9.731336011637179,12.45030847897219,15,215,23302,2751,885,2671,0,0,0,0,1,1
109,109,8.905762198367663,11.98199321610739,0,139,658,36,318,6,3,0,0,0,0,1
110,110,10.286937872299678,12.296694933619607,0,1861,213,28,26,1,0,4,12,1,1,1
111,111,8.788487297174129,12.009540333544864,0,862,433,108,553,3,6,3,9,1,0,0
112,112,12.323125841972082,12.31055299834352,7,480,427380,89269,18260,743,1,1,13,1,1,1
113,113,8.411914109444146,12.030670036247294,2,1053,663,108,26,34,3,2,4,2,0,0
114,114,11.809406147078665,12.1569620861377,1,1360,427380,89269,18260,743,6,2,29,3,0,1
115,115,9.328514728112065,12.214178019820926,0,330,26,2,0,0,0,0,0,1,0,1
116,116,9.339099540753596,12.185292112077533,0,434,9,2,0,0,0,2,2,0,0,0
117,117,8.993340639042414,12.270841036708353,0,421,63154,13103,3455,2612,1,1,3,0,1,0
118,118,9.402389901454978,12.190117660254836,0,1425,63972,4386,4958,1643,1,5,16,1,1,0
119,119,9.635865480662359,12.23317063017014,1,354,1663,237,521,1,0,1,5,0,0,0
120,120,8.759582288673288,12.153316155466536,0,788,658,36,318,6,3,0,0,3,1,1
121,121,9.865403285520843,12.140015086555124,1,444,90494,5432,1346,480,1,1,7,0,0,1
122,122,9.838217348826698,12.261229101961625,1,505,10770,849,166,27,1,1,6,0,0,1
123,123,10.169770633603331,12.361513371384852,0,121,6041,460,707,281,0,1,2,0,1,1
124,124,8.953678206093624,12.26436720708358,1,461,2514,326,150,0,0,1,7,0,0,0
125,125,9.345136302262116,12.313856501114051,0,485,1519,137,63,23,0,1,7,0,0,1
126,126,9.345770992681093,12.248734862369364,0,721,2200,433,940,145,4,0,0,0,0,0
127,127,9.257053496011697,12.056489017720725,0,274,776,131,908,314,2,1,1,0,0,0
128,128,9.234679130510246,12.108423634929053,2,1028,12765,819,702,613,7,2,9,0,1,1
129,129,9.17797963420815,12.178361769031556,2,1997,5581,329,267,28,8,1,27,1,1,1
130,130,10.56572107738796,12.143701301343574,1,596,427380,89269,18260,743,2,2,5,1,0,1
131,131,16.902504137003643,12.864263225295227,1,1325,877,43,21,6,0,1,28,0,0,1
132,132,8.619902800923152,12.173095972894833,2,274,173272,28712,2299,3162,1,0,0,1,1,1
133,133,7.4834728164943085,11.84067741229307,2,136,56694,5302,758,1508,0,1,1,0,0,1
134,134,8.851654335856614,12.25999412958878,0,305,818,144,1783,60,1,1,2,0,0,0
135,135,8.442649290670378,12.081651996395335,0,343,372,28,13,1,4,1,3,0,0,1
136,136,10.057511245298096,12.346477140476255,1,607,2200,433,940,145,1,1,8,1,0,0
137,137,9.349806883036015,12.23528976130654,0,1134,65,1,84,0,0,3,5,2,1,1
138,138,10.154168028090133,12.322527645970249,0,2650,61,0,0,0,0,1,72,0,0,0
139,139,11.205428304111939,12.500883544438686,0,1067,61,16,0,0,1,2,26,0,0,0
140,140,10.048635097926374,12.331682810649585,1,301,510,48,88,6,0,1,4,0,0,0
141,141,9.931513665748477,12.397852021832282,0,745,296,21,60,3,0,1,22,0,1,0
142,142,11.79935038794786,12.31814505397107,2,1324,381,69,17,5,0,2,36,0,1,0
143,143,12.23883049227483,12.49749172935195,0,435,301,50,79,0,0,1,14,0,0,0
144,144,9.775304674020354,12.020967138269336,6,1268,30736,5120,3506,4713,1,2,35,0,1,0
145,145,10.295483540439909,12.390405476694815,3,608,2706,275,263,369,2,1,12,0,0,1
146,146,9.116658884315234,12.142571495386381,2,1682,793,99,110,7,7,2,16,1,1,1
147,147,11.661865120755408,12.341492725464418,0,1210,3113,643,1885,88,1,2,20,0,1,1
148,148,9.130194239255255,12.173041574999123,2,381,14425,1153,273,168,1,1,12,0,0,1
149,149,9.80364145055003,12.425625216133922,1,467,117,12,24,0,0,1,6,1,0,0
150,150,8.819767042567152,12.17277792317426,2,401,477375,68451,6422,3351,2,2,2,0,1,1
151,151,11.505435326991146,12.341947304001096,0,1032,361,133,91,30,1,1,24,0,1,0
152,152,9.278661721926316,12.112333388672006,0,627,587,53,336,6,0,1,7,0,1,0
153,153,9.923388760942053,12.245665742645713,1,1598,57630,7809,2022,2444,6,4,20,2,0,1
154,154,8.633838140851461,12.156712547971699,5,337,29180,4315,2153,1036,0,2,3,1,1,0
155,155,9.897720843540323,12.35886169748504,1,450,1519,137,63,23,1,1,16,0,1,0
156,156,9.664131508448012,12.275084204090293,1,743,30736,5120,3506,4713,4,3,5,0,1,1
157,157,10.82410680348438,12.545146366544875,0,344,521,191,288,258,0,1,5,0,0,0
158,158,9.379607929618725,12.412140060688186,0,199,1179,604,74,44,0,0,0,0,0,0
159,159,9.764451952537557,12.207575885914395,3,830,113106,37329,9248,14670,3,1,14,1,1,1
160,160,10.940059533059936,12.147837766257643,7,1108,6525,839,1697,92,5,2,19,0,1,1
161,161,8.46630297624747,11.880854822490814,1,591,814,121,732,9,4,2,2,1,1,0
162,162,8.958117427990025,12.182095903533554,0,1559,450,26,93,31,1,0,0,2,0,1
163,163,11.513350294628784,12.111705543826256,1,744,427380,89269,18260,743,0,2,22,0,1,0
164,164,9.34285550180056,12.09549379096227,0,576,9810,1016,157,223,0,2,13,0,1,1
165,165,9.215986093267318,12.28907871382208,0,774,11,6,0,0,0,1,6,0,0,0
166,166,9.370102215669288,12.221796031219135,0,404,1450,161,64,9,2,1,6,0,0,0
167,167,8.296790360773546,11.861762593706903,0,624,109049,18235,7890,3496,3,1,1,2,0,1
168,168,9.356196887383584,12.179095419325964,0,1072,57630,7809,2022,2444,5,2,13,1,0,0
169,169,10.874063306235273,12.174437116772443,4,961,3326,239,339,9,2,1,26,0,1,1
170,170,9.612699754415647,12.04819973668596,0,751,2,40,0,0,5,3,18,0,1,0
171,171,11.02531524044548,12.559199549909302,1,200,1825,217,447,19,0,1,4,0,0,1
172,172,8.367015761471363,12.18613230643776,0,581,57630,7809,2022,2444,3,2,6,0,1,1
173,173,8.348139421946847,12.073040055970493,0,895,451,132,51,6,0,1,1,4,0,0
174,174,18.509635708370762,12.937826916370874,0,1262,4803,833,1351,258,0,4,30,0,0,1
175,175,8.712807487271748,12.061289316571159,3,916,8823,606,381,76,9,1,4,1,1,1
176,176,11.970336126404199,12.534175059163394,0,328,96,8,54,0,0,1,9,0,0,0
177,177,11.767922487754245,12.40996106055592,3,835,735,56,111,96,0,1,41,0,1,1
178,178,9.169144363701113,12.139256797468061,1,208,18981,552,60,39,0,1,8,0,0,1
179,179,7.982293436129518,11.958811097492864,0,452,32575,3331,2903,3411,4,0,0,1,0,1
180,180,9.079604467835836,12.1244390202649,8,788,1615,128,51,6,3,1,3,0,1,1
181,181,8.738187960797061,11.976301335431053,1,217,3964,761,1306,121,1,1,3,1,1,0
182,182,9.66094992112332,12.343699637239022,0,183,912,161,36,11,2,0,0,0,0,0
183,183,9.928243299788662,12.185640142262335,0,682,31,23,6,0,0,1,5,1,0,0
184,184,9.400418247310675,12.266940876755822,5,1953,1748,540,462,48,9,3,13,1,1,1
185,185,9.493721458379325,12.335832519183686,0,369,6956,503,353,45,2,0,0,0,0,1
186,186,10.564589528965262,12.226912799105492,2,1203,3114,811,603,219,0,3,37,0,1,1
187,187,8.620297125077952,12.10770187326334,1,1328,63154,13103,3455,2612,4,2,18,1,0,1
188,188,9.250470946292397,11.917387608740782,3,451,56694,5302,758,1508,2,2,8,0,0,1
189,189,9.418256505338334,12.161596570370051,0,1843,751,137,289,5,0,1,38,0,0,1
190,190,9.323737592579636,12.2591159494347,0,903,1450,161,64,9,5,1,1,1,1,1
191,191,9.59818681720872,12.337699658931928,1,1227,6956,503,353,45,0,0,0,0,0,1
192,192,8.326085100792023,11.82494907403224,0,214,7327,442,644,3,0,2,3,0,1,0
193,193,11.11751964782481,12.363413351357243,4,2535,1770,238,140,14,0,2,67,0,1,0
194,194,8.969641247499784,12.224852984269527,0,1007,37849,5547,1679,2001,2,3,15,0,0,1
195,195,10.030696000342251,12.280286307828245,1,1256,8823,606,381,76,4,0,0,2,0,1
196,196,9.110049815374651,11.905407184434777,0,383,36146,2787,1277,208,2,2,10,0,0,1
197,197,10.87316300172405,12.18775674357223,9,988,427380,89269,18260,743,5,1,28,1,1,1
198,198,9.655547053433642,12.108347420589352,3,684,1832,141,215,17,0,1,17,0,1,1
199,199,9.526819324268407,12.383056579887883,0,225,327,55,200,1,0,0,0,0,0,0
200,200,11.387442363176767,12.296530026954196,1,1368,21062,617,4748,38,4,1,8,0,1,1
201,201,8.897283243605333,12.179301151951625,1,561,28777,4747,1553,2127,9,0,0,0,1,1
202,202,9.115585758067496,12.154065121841366,0,271,477375,68451,6422,3351,2,1,1,0,0,0
203,203,12.651773779321768,12.340901971122793,3,1417,427380,89269,18260,743,3,2,36,0,1,1
204,204,8.727347958255397,12.166938658012068,10,233,2452,426,284,146,1,1,2,0,1,1
205,205,9.677425880654468,12.205868637714927,0,212,8111,849,710,44,2,0,0,0,0,1
206,206,7.809442964174338,11.756838956957505,1,327,1,6,0,0,0,1,9,0,1,0
207,207,13.127506411809291,12.570775945503136,0,2783,326,53,463,0,0,2,71,0,0,1
208,208,10.425533456939872,12.222956050339189,0,2251,3932,451,371,181,7,2,52,0,0,1
209,209,8.897662737493949,11.92685477667808,5,754,56694,5302,758,1508,1,2,11,1,1,1
210,210,12.52216151122805,12.373556361545145,3,500,211433,20724,13608,9177,2,1,12,0,0,1
211,211,9.833145315918728,12.396653103575778,0,363,884,118,39,18,0,0,0,0,0,1
212,212,8.711016482145789,11.998512446190635,3,748,608,39,127,1,2,1,6,2,1,1
213,213,10.420683176779807,12.239537815829367,3,536,7327,442,644,3,1,3,15,0,1,1
214,214,12.694386845155725,12.385323796080868,2,448,109049,18235,7890,3496,2,2,17,0,0,0
215,215,10.848081641842745,12.429372119021966,0,2816,3991,951,1310,26,1,4,99,0,1,0
216,216,17.869017494657818,12.910831823549234,0,1359,78,14,76,0,0,1,27,0,0,0
217,217,9.017056492008752,12.228954385896632,6,685,37080,2442,2562,26,0,1,19,1,1,1
218,218,9.034251780611294,12.166180877532025,0,484,330,61,25,6,3,0,0,1,0,0
219,219,11.724509604885787,12.43776771322457,0,2697,271209,22506,7280,284,1,4,46,2,1,1
220,220,11.249739595759683,12.24960784470438,0,297,427380,89269,18260,743,1,1,6,0,0,0
221,221,10.3889402135269,11.39462464225676,2,660,17092,1119,652,157,0,1,17,0,1,0
222,222,9.794730644853571,11.69808240347483,7,1648,12659,1153,834,480,4,3,33,1,1,1
223,223,8.762707045630146,12.010178175571394,2,621,386,64,96,18,1,1,6,1,1,0
224,224,9.918368302654953,12.417665763711716,1,196,57630,7809,2022,2444,0,0,0,0,0,1
225,225,9.566577761510393,12.281764979671939,0,586,489411,52610,12851,10717,3,1,3,0,0,1
226,226,8.844132042048383,12.090570725928586,0,424,8213,656,1988,169,6,1,1,0,1,1
227,227,9.273447368274324,12.162311943568072,7,1176,2008,165,89,27,10,0,0,1,1,1
228,228,9.87048208231031,12.39776551420316,1,493,223,98,34,3,0,0,0,0,0,1
229,229,9.407213025454661,12.233491735203554,0,2205,770256,252083,5762,19510,7,2,10,0,1,1
230,230,10.370117771151477,12.337425384091372,0,846,17092,1119,652,157,2,1,13,0,1,0
231,231,9.485157151368243,12.262872282438623,0,874,12659,1153,834,480,0,3,16,0,1,1
232,232,8.752504141107856,12.03716941250183,4,903,21122,1974,2259,216,4,4,6,0,0,1
233,233,9.217231257933514,12.13848697714902,1,398,386,64,96,18,4,2,4,0,0,1
234,234,10.627585880626754,12.18158294459368,0,776,17377,5826,7432,373,0,1,18,0,1,1
235,235,9.023030458500774,12.126748934277105,3,462,48862,7561,2736,22,4,0,0,0,0,1
236,236,9.726607294831217,12.097977382079284,0,802,316,25,81,6,2,1,9,1,1,1
237,237,10.258138919809664,12.118159906763495,0,863,3669,253,172,52,7,2,8,0,0,1
238,238,8.202311940850974,11.770539846305685,7,380,2041,236,570,12,0,1,2,0,1,1
239,239,10.940830426323064,12.289735275039833,1,959,19592,990,923,278,0,3,24,0,1,1
240,240,9.029002114437967,12.152208867691169,2,338,203443,9896,5891,530,2,0,0,1,1,1
241,241,7.905343378490134,11.866759500930758,0,696,163,130,19,2,1,0,0,0,0,1
242,242,9.384237484145997,12.302101017295644,2,437,489411,52610,12851,10717,3,1,2,0,0,1
243,243,9.480433357297649,12.272141105680971,4,558,776,131,908,314,0,1,16,0,1,0
244,244,8.875365283978706,12.096787312096383,0,414,19982,2918,1860,2071,2,1,8,0,0,1
245,245,9.410354607113677,12.273077755907154,1,1530,4479,386,399,1167,2,0,0,0,0,0
246,246,10.373927898009876,12.143232346640616,1,644,4803,833,1351,258,0,3,14,0,0,0
247,247,8.889507431580551,11.940900150625446,2,199,5875,559,82,60,2,1,1,0,0,0
248,248,9.204710005721886,12.044256489216494,0,368,10770,849,166,27,2,1,3,0,0,1
249,249,9.64536498116615,12.426450583011944,0,183,1462,118,1019,92,0,1,1,0,0,0
250,250,8.543335521018156,12.032092708310175,0,296,1030,98,264,12,0,1,2,1,0,1
251,251,10.168370491179342,12.363237079719006,3,303,1519,137,63,23,0,1,5,0,0,0
252,252,8.788192617219499,12.104161405608716,1,629,149,17,8,1,0,2,7,1,0,1
253,253,8.574472892018994,12.166455964055078,0,377,56694,5302,758,1508,0,2,10,0,0,0
254,254,9.974600020309547,12.155682695081232,0,1290,5876,736,465,96,2,4,10,1,0,0
255,255,9.84441202896916,12.266430808484484,2,743,198,21,9,0,0,1,18,0,1,0
256,256,9.901394384584405,12.262531043828506,2,512,13987,872,566,3,3,1,5,0,0,1
257,257,9.31547740053298,12.167833951599667,0,1395,47060,10150,10088,2033,9,3,7,0,1,0
258,258,8.973562051173925,12.127790692394758,0,857,1806,191,19,10,0,5,5,0,0,0
259,259,11.117906992708411,12.228051733806193,3,401,109049,18235,7890,3496,0,1,12,0,1,1
260,260,8.603165636182231,12.097453390288651,0,701,134,9,1,0,0,1,9,1,0,0
261,261,9.010570551237748,12.151581320698195,3,209,620,226,16,15,0,1,4,0,0,0
262,262,9.247657530073221,12.212823814577801,1,853,109049,18235,7890,3496,5,2,10,0,1,1
263,263,9.65109990109912,12.405408359495896,7,833,38,6,0,0,0,1,1,0,0,1
264,264,9.306909295182995,12.246075382799699,2,435,386,64,96,18,0,1,7,1,1,1
265,265,9.656607681933203,12.284725058424726,7,770,10770,849,166,27,4,0,0,0,0,1
266,266,9.026280365040524,12.15864524847266,5,182,6342,678,153,349,0,2,3,0,1,0
267,267,8.792765797390231,12.117145312084784,1,624,8096,892,291,35,0,1,3,1,0,1
268,268,9.200250316073658,12.143320913264466,1,2134,15319,1655,364,6,6,2,5,1,0,1
269,269,10.000134657660212,12.2367608941169,2,488,173272,28712,2299,3162,0,1,3,1,0,1
270,270,9.23826429341812,12.189931777029695,4,2365,2640,92,89,0,17,1,8,2,0,1
271,271,8.924325404151944,11.925209422506983,0,395,15,8,0,0,0,1,5,0,0,0
272,272,10.011150420443727,12.181406149147193,6,1166,37080,2442,2562,26,0,2,19,0,1,1
273,273,9.080560044605924,12.22674651482385,0,1207,770256,252083,5762,19510,1,0,0,2,0,1
274,274,7.815083298638743,11.981612777893732,1,157,37,2,8,0,0,1,1,0,1,0
275,275,11.004182309460411,12.316704414238414,0,1104,171,15,67,0,0,3,11,1,0,1
276,276,11.225070176961431,12.413094717450099,3,1014,735,56,111,96,0,1,21,0,1,0
277,277,10.650661489404866,12.232477411734171,0,1234,90494,5432,1346,480,1,2,25,0,0,1
278,278,8.02156775325355,11.756866758851046,0,673,137976,6288,3736,111,0,1,12,1,0,1
279,279,8.936799493556208,12.026336333040602,2,299,18860,1780,141,2099,3,2,2,0,1,1
280,280,8.536664753721947,12.124974686854172,0,225,4826,569,1886,582,0,1,1,1,0,1
281,281,11.153980945868096,12.32594442314998,0,1533,5199,574,766,17,1,1,33,0,0,0
282,282,8.205830098703032,12.087023793380434,1,301,2392,203,134,15,2,0,0,1,0,1
283,283,10.128597590220426,12.298317531930476,0,587,63214,4895,5994,655,1,1,5,0,0,0
284,284,9.632292148008418,12.16171453098424,6,843,1519,137,63,23,2,3,11,0,0,1
285,285,8.764619803861008,11.939683133784973,1,692,1406,56,35,0,5,0,0,1,0,1
286,286,14.908147611749698,12.506486637529838,0,1071,427380,89269,18260,743,1,1,13,1,0,1
287,287,8.914366777661883,11.997119130249152,1,371,44,18,14,0,2,2,2,0,0,1
288,288,11.444607424043797,12.323172380863747,10,1400,427380,89269,18260,743,2,5,56,0,1,0
289,289,9.433927126831296,12.143668521362956,1,743,199073,27204,11746,1497,7,1,3,0,0,1
290,290,10.138189069842726,12.303312523023655,4,1664,57630,7809,2022,2444,3,4,28,0,1,0
291,291,8.064625318114908,12.141019245037498,1,101,37080,2442,2562,26,0,1,1,0,1,0
292,292,9.019150632424203,12.179981016055743,2,763,113106,37329,9248,14670,2,3,11,0,0,1
293,293,9.352320872457089,12.203620909559953,2,766,32123,2971,4620,18,2,3,4,0,1,0
294,294,9.47789705288117,12.223343121194105,3,666,5158,671,588,20,2,0,0,0,0,1
295,295,9.840669334686346,12.235455793019714,0,754,625,75,14,10,1,1,13,1,0,0
296,296,10.441589740454381,12.403413357398591,0,411,678,67,53,8,0,1,4,0,0,0
297,297,10.60377749926315,12.113817055066331,0,293,3409,280,1249,84,0,1,6,0,0,0
298,298,11.544807992163971,12.329185603492382,10,2887,13388,1962,2764,38,0,2,28,1,1,1
299,299,10.506088219112836,12.19067770223152,0,288,735,56,111,96,0,1,6,0,0,1
300,300,10.667800487280948,12.21684355199425,7,539,164847,15327,4764,689,1,3,17,0,1,1
301,301,11.256515434447742,12.46997582539174,0,391,85,16,9,0,0,1,12,0,0,0
302,302,16.347115858635586,12.723688116796286,0,982,109049,18235,7890,3496,2,1,23,0,0,1
303,303,9.757402784831967,12.319731491555135,0,379,51,12,17,0,0,1,1,0,0,0
304,304,8.385779114816065,12.124118861907652,10,948,7759,1083,647,134,0,6,12,0,1,1
305,305,9.626647856545947,12.375334497121756,0,1477,109025,8343,2655,752,0,0,0,0,1,1
306,306,8.89918389596175,12.152620391146328,0,246,88,10,3,0,0,1,1,0,1,0
307,307,8.790612254359553,11.962595088674812,1,411,1146,132,1164,7,3,0,0,1,1,1
308,308,9.271139299014873,12.210662181585596,0,369,2852,446,123,8,0,0,0,1,1,0
309,309,11.122857061055278,12.403211043186694,2,226,11303,980,601,663,0,1,4,0,0,0
310,310,9.422533301705872,12.285775011363794,1,1695,557,75,43,4,6,5,8,1,1,0
311,311,9.62167129867846,12.184902420379338,1,364,489411,52610,12851,10717,0,2,6,0,0,1
312,312,10.577305780235694,12.22771403316504,1,226,6041,460,707,281,1,1,4,0,1,0
313,313,9.492714875112958,12.296043988838456,0,266,107,39,4,0,1,0,0,0,1,1
314,314,10.794932025707006,12.299080805270915,0,919,109049,18235,7890,3496,2,2,15,0,0,1
315,315,10.214297257062187,12.377529180860432,0,706,493,63,21,1,2,2,11,0,0,1
316,316,9.357599097374806,12.21715145937803,0,599,187587,12233,9064,5087,0,1,6,0,1,0
317,317,12.759959456787984,12.50744703277061,1,1070,90494,5432,1346,480,0,1,25,0,0,1
318,318,9.8792442936293,12.386257613947272,0,286,847,65,22,6,0,1,6,0,0,0
319,319,9.0858878563686,11.91735215690215,2,1105,7030,853,477,708,0,1,35,1,0,1
320,320,9.365835836286807,12.242462182631574,0,228,245,115,25,6,0,1,6,0,0,1
321,321,8.032854437626739,11.891908492587554,2,432,173272,28712,2299,3162,1,1,3,2,1,1
322,322,9.329976491917991,12.225674438656506,1,956,645,70,99,13,4,2,7,0,0,1
323,323,8.484220261210924,11.930682726746712,0,855,32843,1871,2095,286,10,2,2,2,1,0
324,324,8.830530662309952,11.940191468508234,6,340,912,161,36,11,4,1,4,0,0,0
325,325,8.73021524923641,11.953530506179627,0,169,420,27,69,3,3,0,0,0,1,1
326,326,8.762041805870973,12.252272239517586,0,117,26,0,0,0,1,0,0,0,0,1
327,327,9.469532732136292,12.279453897184725,0,798,1,2,0,0,0,2,7,0,0,1
328,328,9.301857820674213,12.123814322546348,0,1591,171,15,67,0,0,0,0,2,0,1
329,329,10.44008566061307,12.547602190221026,0,392,100,12,11,0,0,1,7,0,0,1
330,330,9.283747624735303,12.032736854443094,1,1014,36209,4654,2715,1256,2,1,13,0,1,1
331,331,8.798959283559412,12.136183064982154,0,147,71,0,0,0,0,0,0,0,0,0
332,332,8.333597974585919,11.971049605738695,0,221,8213,656,1988,169,2,0,0,1,1,0
333,333,9.033098930580618,12.232140716835511,2,2190,5199,574,766,17,6,2,2,4,0,0
334,334,9.4496866430741,12.23171676161718,0,343,547,91,103,4,0,1,2,0,0,0
335,335,9.444758793008232,12.362664057040597,0,515,396,11,136,4,1,1,2,0,0,0
336,336,9.963494095215284,12.457402549449538,2,332,11,10,0,0,0,0,0,0,0,0
337,337,10.030388273003505,12.47910821393783,0,168,187587,12233,9064,5087,0,0,0,0,0,0
338,338,10.08391653244174,12.432120189072931,1,210,63460,6576,2598,748,0,1,2,0,0,1
339,339,10.422940625145369,12.350828674932625,0,651,25010,1825,4244,85,0,2,9,0,0,0
340,340,9.386948164124618,12.209277461348796,0,588,109049,18235,7890,3496,3,2,12,0,1,0
341,341,10.386823572000269,12.335883203392674,1,238,547,66,35,6,0,1,6,0,0,1
342,342,8.843467785389683,12.103738376554839,1,1966,130801,8991,3044,37,9,3,26,0,1,1
343,343,8.67379279783491,12.173150429130983,0,1273,114264,27275,2584,21000,4,4,11,4,0,1
344,344,7.706980547896206,12.018519186605852,0,182,192,47,511,4,0,1,1,0,0,1
345,345,9.900407580549919,12.279481181681385,0,1480,81,36,9,0,0,1,36,0,0,1
346,346,9.43143970209539,12.213705949404956,1,419,421,77,77,2,0,1,10,0,0,0
347,347,10.103378294683678,12.31375945456082,0,776,63214,4895,5994,655,2,1,8,0,0,1
348,348,9.641737460201343,12.342206868689045,0,270,929,125,411,3,0,0,0,0,0,0
349,349,9.588093379945542,12.259706597565124,0,2495,272076,19605,5576,4509,4,6,17,0,0,0
350,350,8.789945226691673,12.061540208150468,1,1822,11660,849,61,3,1,4,29,1,0,1
351,351,10.651951547502591,12.40168135647232,2,224,8213,656,1988,169,0,1,8,0,1,0
352,352,9.417813862563648,12.23393292354752,0,328,2330,2573,429,0,0,2,3,0,0,1
353,353,9.499305699539693,12.251403615760847,0,939,109049,18235,7890,3496,3,1,18,0,0,1
354,354,9.01111775896441,12.226916291865274,5,3065,1021,220,10,1,0,3,28,4,1,0
355,355,11.427242121802413,12.208833049411881,2,725,109049,18235,7890,3496,2,1,23,0,0,1
356,356,9.23548854516664,12.247021185223419,0,368,8213,656,1988,169,1,1,2,1,0,1
357,357,9.6737470618354,12.127973551405166,0,426,41,9,4,0,0,1,10,0,0,1
358,358,9.020449024474553,12.040157310936733,1,361,125,13,7,1,0,1,7,0,0,0
359,359,9.655269172001702,12.278482155451664,0,512,316,43,16,9,0,2,4,0,0,1
360,360,16.931184971020688,12.90898899146508,1,2836,11473,1220,983,586,1,2,10,1,0,0
361,361,10.841165185982387,12.311054315203213,1,1492,30736,5120,3506,4713,1,3,28,1,1,1
362,362,9.643406961161633,12.7682348568295,2,91,34,20,37,0,0,0,0,0,1,0
363,363,10.021163874386193,12.30010544298798,0,333,212,53,21,7,1,1,13,0,0,1
364,364,11.013940718861225,12.316272206691899,8,747,46780,6860,362,5,1,1,15,0,0,1
365,365,9.855984085536779,12.274588486993634,2,2045,1920,171,595,5,4,4,43,0,1,0
366,366,8.639405509627023,12.16668680747746,0,302,2352,452,123,37,0,1,3,0,0,0
367,367,9.498070145737383,12.059812470661411,1,1569,3262,119,419,0,2,0,0,2,1,0
368,368,8.751412583754195,12.033421028079314,8,4268,9993,744,72,1,18,4,45,7,1,0
369,369,9.348748896896009,12.260171612315347,4,375,101,3,0,0,2,0,0,0,0,1
370,370,9.44426685911034,12.345100470797934,0,322,6,9,0,0,0,0,0,1,0,0
371,371,13.624466102575786,12.559481335387616,0,247,91,15,4,0,0,1,10,0,0,1
372,372,10.942435149964865,12.31432116960523,4,354,37080,2442,2562,26,1,1,3,0,1,1
373,373,9.136069299379283,12.205338935418697,2,2262,770256,252083,5762,19510,11,2,9,2,1,1
374,374,13.787030822893641,12.592215409690569,0,440,7219,620,1491,135,0,1,10,0,1,0
375,375,8.726073153853822,12.0747747483604,0,612,45,9,2,0,2,1,16,0,1,0
376,376,9.018487060030232,12.103669441316356,3,1059,2008,165,89,27,6,0,0,1,0,1
377,377,9.378834392049717,12.123715631652555,2,1733,124214,7724,5618,743,3,3,36,4,1,1
378,378,8.851867045211037,12.114051328524075,0,983,21,3,0,0,1,3,7,1,0,0
379,379,10.027204668873116,12.367700683655324,0,776,119,11,10,0,0,1,15,0,0,0
380,380,9.463880656646808,12.13900068825666,2,2238,3262,119,419,0,5,2,41,3,1,0
381,381,9.67231034405028,12.4076285375189,0,273,491,90,54,2,0,0,0,1,0,1
382,382,10.511757093915982,12.39218861465676,3,923,23572,1435,378,265,0,2,32,0,0,1
383,383,9.922157470155378,12.02937725770764,1,928,3845,151,1210,248,1,2,15,1,1,1
384,384,9.990800767080117,12.267057771484096,0,2802,6196,381,451,23,4,3,27,2,1,1
385,385,9.720884058910043,12.315259732853146,1,553,491,90,54,2,0,0,0,0,0,1
386,386,8.442019105292838,12.037981845851007,0,462,3392,829,1563,251,5,0,0,1,1,1
387,387,12.193497414041353,12.197400436327033,0,123,477,78,85,15,0,1,4,0,0,1
388,388,8.870332544859322,12.117656818519109,0,712,151,8,5,0,0,2,4,0,0,1
389,389,9.870604534748734,12.34905112738645,0,104,150,24,139,0,0,0,0,0,0,0
390,390,9.651875167436428,12.23280717770713,0,258,56694,5302,758,1508,1,1,1,0,0,0
391,391,9.069736551038428,12.040694449095845,0,520,1519,137,63,23,3,3,5,0,1,0
392,392,8.774436949645413,12.038164618178365,1,159,330,61,25,6,2,0,0,0,0,1
393,393,9.156214987799345,12.248692226802929,0,2345,272076,19605,5576,4509,9,1,3,3,1,1
394,394,10.235444975460165,12.272993025257096,0,5484,173564,13312,6892,97,14,11,111,1,0,0
395,395,7.822110290857627,11.838915379627323,0,976,32843,1871,2095,286,4,3,15,1,0,1
396,396,8.82865265099629,12.127423367448044,0,505,1309,173,254,34,0,1,10,0,0,0
397,397,10.746959166871543,12.244320456468177,0,318,11,17,0,0,0,1,13,0,0,0
398,398,8.921530628708691,12.09330021070085,1,1571,2334,215,463,115,0,3,4,3,0,1
399,399,9.372089096473116,12.295345248011255,2,990,2008,165,89,27,5,0,0,1,1,1
400,400,8.801982872887748,12.055137465297394,2,491,56694,5302,758,1508,0,3,8,0,1,0
401,401,16.163129606612628,12.61675176376544,4,547,164847,15327,4764,689,0,1,9,1,1,1
402,402,8.034192182059675,11.861323518480726,0,198,133,9,296,0,0,2,2,0,0,0
403,403,9.991465127380982,12.295449937022969,0,931,30736,5120,3506,4713,0,4,17,0,0,0
404,404,8.653013478333506,12.111445995995359,0,587,56694,5302,758,1508,2,2,10,0,0,1
405,405,8.158672722692398,11.886714877789883,0,356,42044,2887,4003,190,2,1,1,1,0,1
406,406,10.085636632991102,12.415815527078836,0,659,295038,14033,16849,5091,1,1,11,0,0,0
407,407,9.389818609491746,12.34403492882634,5,701,187587,12233,9064,5087,6,0,0,0,1,1
408,408,9.02126554214848,12.237294817044782,4,2257,113106,37329,9248,14670,5,5,24,1,1,0
409,409,9.302063434570233,12.156665037263734,0,349,79,25,13,0,2,0,0,0,0,0
410,410,9.287611195115133,12.121652003279404,5,235,21113,3036,950,17,2,0,0,0,1,1
411,411,10.02509520363548,12.216186616135538,6,3332,167,26,238,0,18,4,21,6,1,1
412,412,9.25082100761314,12.237746265809356,0,845,14425,1153,273,168,5,1,1,1,1,1
413,413,8.94942637156026,12.23938201250015,1,1090,48862,7561,2736,22,1,1,18,0,1,1
414,414,9.317538540878699,12.36276202052425,1,395,121,43,340,0,0,0,0,1,0,1
415,415,9.777210218101326,12.309595640628777,1,2193,30736,5120,3506,4713,6,3,32,1,1,1
416,416,9.239053536419805,12.166181197982198,0,1557,6956,503,353,45,1,0,0,2,0,1
417,417,9.822049501881269,12.22951354587252,0,347,6611,1758,1302,87,0,0,0,0,0,0
418,418,9.769908716028473,12.221085392972455,3,1103,36506,1946,372,193,7,3,10,0,0,1
419,419,10.171644515893194,12.385766920591376,0,705,115,8,16,0,0,1,5,0,1,0
420,420,11.677136616422494,12.309886391946476,0,409,27,8,2,0,0,1,5,0,0,1
421,421,9.044361151602924,12.090541994716013,0,1509,272076,19605,5576,4509,8,2,9,4,0,1
422,422,10.043674516836571,12.274908000377707,2,622,39972,4672,2822,1887,0,4,8,0,0,1
423,423,10.388646829051618,12.190095748169751,2,669,295038,14033,16849,5091,5,2,10,0,1,1
424,424,9.15276639279486,12.112979735739133,0,587,74972,8871,6744,776,2,1,3,0,1,1
425,425,9.414947616507122,12.309481682758445,2,2263,113106,37329,9248,14670,2,2,18,2,0,1
426,426,10.396099791758457,12.368583334025347,0,982,4885,525,190,55,3,1,17,0,1,0
427,427,9.35102706644058,12.282296173109176,0,433,48862,7561,2736,22,0,1,1,0,0,0
428,428,9.873445713727843,12.202139981221453,1,567,37645,7185,734,1,1,1,12,0,0,1
429,429,9.531203771876307,12.204279107988105,0,659,1586,127,128,11,3,3,7,0,0,0
430,430,8.860482403437649,12.23055619154944,5,893,94840,8126,1948,2731,7,0,0,2,1,1
431,431,11.171637867894983,12.374331298528595,0,540,6383,1766,5398,222,1,1,7,1,0,1
432,432,9.241458515033887,12.25734647857366,0,948,56694,5302,758,1508,0,2,13,0,0,1
433,433,9.58455445821216,12.251464293841703,5,870,113106,37329,9248,14670,7,1,1,0,1,0
434,434,9.207535514168686,12.313713128849026,4,506,2008,165,89,27,1,0,0,1,0,0
435,435,10.296905997223151,12.321801911815774,2,1039,191,14,2,0,0,2,30,0,1,0
436,436,11.124593790991753,12.432061901225035,1,1119,30736,5120,3506,4713,1,2,20,1,1,0
437,437,9.659863501699123,12.24030029921334,0,210,70,48,12,0,0,0,0,0,0,1
438,438,10.392889442156084,12.312522972680695,2,1268,184,23,11,0,0,3,18,0,0,1
439,439,9.26197062828798,12.265269503230726,1,146,62917,9956,809,7405,0,0,0,0,0,0
440,440,9.328646841621113,12.208112182299054,0,2577,272076,19605,5576,4509,9,2,8,3,1,0
441,441,9.130140564247712,12.136561572870429,0,521,350,17,17,0,1,1,8,1,0,0
442,442,9.005171718047588,12.165317011369073,0,449,682,35,23,6,0,1,19,0,0,1
443,443,11.46137445153438,12.381528388527586,0,526,21,11,19,0,0,1,11,0,0,0
444,444,9.395731603658742,12.227061986655604,2,3354,49079,3709,2930,360,4,5,43,1,0,0
445,445,10.437205879860713,12.283520162372724,7,6616,11286,1306,856,369,4,2,123,5,1,1
446,446,9.28338806722101,12.118084265707507,1,471,349,67,109,13,0,2,2,0,0,1
447,447,10.863441937653933,12.320435628934751,2,1086,606,135,208,32,0,2,14,0,1,0
448,448,8.720711539543329,11.977198042115454,0,197,3958,373,232,57,2,1,1,0,0,0
449,449,9.708070398002011,12.267839496253373,0,636,301,3,92,1,1,1,7,0,0,0
450,450,9.185995636081152,12.16971267510447,1,2961,56694,5302,758,1508,1,2,5,0,0,1
451,451,9.422652829731033,12.130628729723222,0,658,13,7,0,0,0,3,10,0,0,0
452,452,10.801472196006667,12.253141700896355,8,1173,109049,18235,7890,3496,8,1,21,0,0,1
453,453,8.943580491368246,12.085574866253946,0,477,128,20,19,0,0,1,9,2,0,0
454,454,9.937598225368301,12.152177709458769,0,1511,163,11,15,6,0,5,19,0,0,0
455,455,9.151636024496382,12.130523487947865,1,1596,11303,980,601,663,14,5,9,0,1,1
456,456,11.144287327083855,12.388612181947419,0,935,187587,12233,9064,5087,0,1,15,0,1,1
457,457,9.20778912234893,12.226929362718579,0,1370,170,20,5,0,0,0,0,3,1,1
458,458,9.104824471861964,12.155461946586742,1,859,2323,191,93,38,5,3,3,2,0,1
459,459,10.496061502810807,12.231438470627415,0,2197,14006,2290,5406,6,3,3,34,0,0,1
460,460,9.14928744857789,12.179352679608936,0,171,61831,4202,3036,304,0,1,1,0,0,1
461,461,9.503354538169548,12.216538717889206,2,309,2058,1119,1854,121,4,1,5,0,1,1
462,462,9.042598589546923,12.303635936141722,2,367,1615,128,51,6,2,0,0,0,1,1
463,463,9.334491311743198,12.378592614918006,1,383,2587,244,567,48,0,0,0,0,0,0
464,464,10.845149103981745,12.202166351841846,0,1848,114264,27275,2584,21000,2,5,68,0,1,1
465,465,9.138792113084683,12.252473449487296,0,162,489411,52610,12851,10717,1,0,0,0,0,1
466,466,10.329195431616665,12.380693708662916,0,1339,13061,2013,939,385,1,1,28,0,1,1
467,467,9.147304710024258,12.319064420805955,1,979,59508,4168,4932,36,0,0,0,2,0,1
468,468,8.758865279861341,12.085845237447035,1,550,1877,143,190,7,1,2,5,1,0,1
469,469,9.050620077767288,12.212602311267526,2,382,1499,277,242,141,2,1,2,0,0,0
470,470,7.528204233731387,12.122604564296575,0,192,187587,12233,9064,5087,0,1,7,0,0,0
471,471,11.885016999772944,12.437797196008345,1,7428,101,21,70,0,2,1,168,1,1,1
472,472,9.83950794940092,12.285396621690955,0,943,13061,2013,939,385,0,2,19,0,0,0
473,473,9.754737345494476,12.370215891942795,1,1310,184,23,11,0,0,0,0,0,0,0
474,474,8.907632172582248,12.22800611652668,0,1086,173272,28712,2299,3162,2,1,21,1,0,1
475,475,9.855901211439567,12.443153678794316,0,159,75,28,33,0,0,0,0,0,0,1
476,476,9.80852634644894,12.345164265290293,1,111,1462,118,1019,92,0,0,0,0,0,0
477,477,9.144965235528511,12.009388598782651,10,769,11303,980,601,663,5,0,0,1,1,1
478,478,9.647839082982225,12.261211204439402,0,355,7848,850,2219,115,2,0,0,0,0,1
479,479,9.631577463659324,12.351557117628234,0,927,812,254,64,16,1,2,15,0,1,0
480,480,9.359012602933854,12.276839520815615,3,1098,65121,6414,1080,1558,4,1,1,1,1,1
481,481,9.212055388620623,12.1279991695498,0,1119,199073,27204,11746,1497,8,1,7,0,0,1
482,482,11.357143776020227,12.178122933000795,1,458,1462,118,1019,92,1,2,6,0,0,0
483,483,8.335146528775928,11.845113609409328,0,564,515,34,65,4,4,1,2,2,0,1
484,484,9.361683618523331,12.228347842159483,1,848,59,10,11,0,0,1,6,2,0,1
485,485,9.580196676744967,12.277589605316908,0,1786,184,23,11,0,0,2,2,2,1,0
